model,attack,epsilon,mean_accuracy,std_accuracy,num_runs,accuracies
adv_kd,fgsm,0.0,0.9897666666666667,0.000808290376865497,3,0.989900;0.990500;0.988900
adv_kd,fgsm,0.01,0.9872,0.0012124355652981997,3,0.988300;0.987400;0.985900
adv_kd,fgsm,0.02,0.9848333333333333,0.0009291573243177621,3,0.985600;0.985100;0.983800
adv_kd,fgsm,0.05,0.9768666666666667,0.0018036999011291808,3,0.977000;0.978600;0.975000
adv_kd,fgsm,0.1,0.9572333333333333,0.005635896852616557,3,0.956500;0.963200;0.952000
adv_kd,fgsm,0.2,0.9329333333333333,0.005169461609619816,3,0.938900;0.930100;0.929800
adv_kd,fgsm,0.6,0.9330999999999999,0.007594076639065481,3,0.941800;0.927800;0.929700
adv_kd_diffaug,fgsm,0.0,0.9921000000000001,0.0009539392014169512,3,0.991200;0.992000;0.993100
adv_kd_diffaug,fgsm,0.01,0.9907,0.0011789826122551523,3,0.989700;0.990400;0.992000
adv_kd_diffaug,fgsm,0.02,0.9887666666666667,0.0006506407098647564,3,0.988100;0.988800;0.989400
adv_kd_diffaug,fgsm,0.05,0.9821333333333334,0.001078579312490904,3,0.982600;0.980900;0.982900
adv_kd_diffaug,fgsm,0.1,0.9624333333333333,0.0017953644012660011,3,0.960400;0.963100;0.963800
adv_kd_diffaug,fgsm,0.2,0.8574,0.009877246579892598,3,0.852000;0.851400;0.868800
adv_kd_diffaug,fgsm,0.6,0.10383333333333333,0.009681081206834979,3,0.115000;0.097800;0.098700
adv_training,fgsm,0.0,0.9928333333333333,0.0010115993936995844,3,0.992200;0.994000;0.992300
adv_training,fgsm,0.01,0.9918,0.0008717797887081661,3,0.991200;0.992800;0.991400
adv_training,fgsm,0.02,0.9904333333333334,0.0009291573243177821,3,0.989800;0.991500;0.990000
adv_training,fgsm,0.05,0.9863333333333334,0.000901849950564537,3,0.986400;0.987200;0.985400
adv_training,fgsm,0.1,0.9762666666666666,0.001069267662156366,3,0.977200;0.976500;0.975100
adv_training,fgsm,0.2,0.9126,0.009514199913813021,3,0.920400;0.915400;0.902000
adv_training,fgsm,0.6,0.10863333333333332,0.009939986586174714,3,0.119500;0.106400;0.100000
adv_training_diffaug,fgsm,0.0,0.9930666666666667,0.0008386497083606439,3,0.992100;0.993500;0.993600
adv_training_diffaug,fgsm,0.01,0.9922,0.000984885780179626,3,0.991100;0.992500;0.993000
adv_training_diffaug,fgsm,0.02,0.9912666666666667,0.0006806859285553922,3,0.990500;0.991500;0.991800
adv_training_diffaug,fgsm,0.05,0.9880666666666666,0.0014011899704655937,3,0.988000;0.986700;0.989500
adv_training_diffaug,fgsm,0.1,0.9811666666666666,0.0020599352740640507,3,0.981400;0.979000;0.983100
adv_training_diffaug,fgsm,0.2,0.9556999999999999,0.016401524319403966,3,0.966200;0.936800;0.964100
adv_training_diffaug,fgsm,0.6,0.12353333333333334,0.02546415781708347,3,0.150500;0.099900;0.120200
baseline,fgsm,0.0,0.9928333333333333,0.00020816659994659034,3,0.993000;0.992900;0.992600
baseline,fgsm,0.01,0.9897999999999999,0.0006557438524302378,3,0.989700;0.990500;0.989200
baseline,fgsm,0.02,0.9865666666666666,0.0005686240703077156,3,0.986400;0.987200;0.986100
baseline,fgsm,0.05,0.9714333333333333,0.0014364307617610254,3,0.972000;0.972500;0.969800
baseline,fgsm,0.1,0.9153333333333333,0.0036087855759705705,3,0.913200;0.919500;0.913300
baseline,fgsm,0.2,0.5494333333333333,0.047300563773948104,3,0.524200;0.604000;0.520100
baseline,fgsm,0.6,0.08839999999999999,0.019747658088998803,3,0.065600;0.099500;0.100100
baseline_diffaug,fgsm,0.0,0.9923333333333333,0.0009018499505645904,3,0.991400;0.992400;0.993200
baseline_diffaug,fgsm,0.01,0.9893666666666666,0.0010016652800877819,3,0.989300;0.988400;0.990400
baseline_diffaug,fgsm,0.02,0.9854333333333334,0.0009451631252505429,3,0.985100;0.984700;0.986500
baseline_diffaug,fgsm,0.05,0.9689,0.0014000000000000123,3,0.968900;0.967500;0.970300
baseline_diffaug,fgsm,0.1,0.9012333333333333,0.009617345441094093,3,0.901900;0.891300;0.910500
baseline_diffaug,fgsm,0.2,0.5236999999999999,0.07104899717800385,3,0.580700;0.444100;0.546300
baseline_diffaug,fgsm,0.6,0.08976666666666666,0.004162130864513194,3,0.085800;0.094100;0.089400
standard_kd,fgsm,0.0,0.9885,0.0015394804318340652,3,0.988100;0.990200;0.987200
standard_kd,fgsm,0.01,0.9853666666666666,0.0024110855093366973,3,0.985100;0.987900;0.983100
standard_kd,fgsm,0.02,0.9819,0.002705549851693771,3,0.982100;0.984500;0.979100
standard_kd,fgsm,0.05,0.9712,0.005424942396007551,3,0.970600;0.976900;0.966100
standard_kd,fgsm,0.1,0.9469333333333333,0.009052255704150946,3,0.946700;0.956100;0.938000
standard_kd,fgsm,0.2,0.9317000000000001,0.010359054010864118,3,0.934600;0.940300;0.920200
standard_kd,fgsm,0.6,0.932,0.011170049238924607,3,0.936400;0.940300;0.919300
adv_kd,pgd,0.0,0.9897666666666667,0.000808290376865497,3,0.989900;0.990500;0.988900
adv_kd,pgd,0.01,0.9871666666666666,0.0011676186592091248,3,0.988200;0.987400;0.985900
adv_kd,pgd,0.02,0.9839666666666668,0.0010408329997330585,3,0.984300;0.984800;0.982800
adv_kd,pgd,0.05,0.9675333333333334,0.004214656965084287,3,0.964300;0.972300;0.966000
adv_kd,pgd,0.1,0.9257666666666666,0.008173942337289472,3,0.924500;0.934500;0.918300
adv_kd,pgd,0.2,0.8537333333333333,0.026879794146037167,3,0.858200;0.878100;0.824900
adv_kd,pgd,0.6,0.18786666666666665,0.0583532632620776,3,0.144900;0.254300;0.164400
adv_kd_diffaug,pgd,0.0,0.9921000000000001,0.0009539392014169512,3,0.991200;0.992000;0.993100
adv_kd_diffaug,pgd,0.01,0.9907,0.0011789826122551523,3,0.989700;0.990400;0.992000
adv_kd_diffaug,pgd,0.02,0.9885666666666667,0.0007505553499464876,3,0.987800;0.988600;0.989300
adv_kd_diffaug,pgd,0.05,0.9798333333333332,0.0010969655114602744,3,0.980700;0.978600;0.980200
adv_kd_diffaug,pgd,0.1,0.9439333333333333,0.0036909799963334147,3,0.945100;0.939800;0.946900
adv_kd_diffaug,pgd,0.2,0.49656666666666666,0.08089600319752102,3,0.553700;0.404000;0.532000
adv_kd_diffaug,pgd,0.6,0.0,0.0,3,0.000000;0.000000;0.000000
adv_training,pgd,0.0,0.9928333333333333,0.0010115993936995844,3,0.992200;0.994000;0.992300
adv_training,pgd,0.01,0.9918333333333335,0.000850490054811549,3,0.991200;0.992800;0.991500
adv_training,pgd,0.02,0.9903666666666666,0.0010016652800877966,3,0.989600;0.991500;0.990000
adv_training,pgd,0.05,0.9854666666666666,0.0010214368964029852,3,0.985900;0.986200;0.984300
adv_training,pgd,0.1,0.9692,0.0013228756555323175,3,0.970700;0.968700;0.968200
adv_training,pgd,0.2,0.6074333333333334,0.11664974639206609,3,0.513200;0.571200;0.737900
adv_training,pgd,0.6,0.0,0.0,3,0.000000;0.000000;0.000000
adv_training_diffaug,pgd,0.0,0.9930666666666667,0.0008386497083606439,3,0.992100;0.993500;0.993600
adv_training_diffaug,pgd,0.01,0.9921000000000001,0.0009643650760993159,3,0.991000;0.992500;0.992800
adv_training_diffaug,pgd,0.02,0.9910333333333332,0.0005507570547286134,3,0.990400;0.991400;0.991300
adv_training_diffaug,pgd,0.05,0.9868,0.0007211102550928262,3,0.986600;0.986200;0.987600
adv_training_diffaug,pgd,0.1,0.9724,0.002080865204668508,3,0.973700;0.973500;0.970000
adv_training_diffaug,pgd,0.2,0.6839666666666666,0.12119052493216342,3,0.795800;0.700900;0.555200
adv_training_diffaug,pgd,0.6,0.0,0.0,3,0.000000;0.000000;0.000000
baseline,pgd,0.0,0.9928333333333333,0.00020816659994659034,3,0.993000;0.992900;0.992600
baseline,pgd,0.01,0.9897999999999999,0.0005567764362829908,3,0.989700;0.990400;0.989300
baseline,pgd,0.02,0.9864333333333333,0.0004932882862316341,3,0.986200;0.987000;0.986100
baseline,pgd,0.05,0.9676666666666667,0.001985782801147543,3,0.966100;0.969900;0.967000
baseline,pgd,0.1,0.8503,0.02625947448065177,3,0.821900;0.873700;0.855300
baseline,pgd,0.2,0.04103333333333334,0.026508552079156145,3,0.015600;0.068500;0.039000
baseline,pgd,0.6,0.0,0.0,3,0.000000;0.000000;0.000000
baseline_diffaug,pgd,0.0,0.9923333333333333,0.0009018499505645904,3,0.991400;0.992400;0.993200
baseline_diffaug,pgd,0.01,0.9893,0.0010000000000000009,3,0.989300;0.988300;0.990300
baseline_diffaug,pgd,0.02,0.9849666666666668,0.0009073771725877506,3,0.984600;0.984300;0.986000
baseline_diffaug,pgd,0.05,0.9635333333333334,0.002136195996001633,3,0.965100;0.961100;0.964400
baseline_diffaug,pgd,0.1,0.8013666666666666,0.04730331207572397,3,0.837400;0.747800;0.818900
baseline_diffaug,pgd,0.2,0.0213,0.025292884374859263,3,0.049600;0.000900;0.013400
baseline_diffaug,pgd,0.6,0.0,0.0,3,0.000000;0.000000;0.000000
standard_kd,pgd,0.0,0.9885,0.0015394804318340652,3,0.988100;0.990200;0.987200
standard_kd,pgd,0.01,0.9852666666666666,0.0024542480178933374,3,0.985100;0.987800;0.982900
standard_kd,pgd,0.02,0.9803666666666667,0.003153305144341981,3,0.980200;0.983600;0.977300
standard_kd,pgd,0.05,0.9585,0.00866256313108308,3,0.957300;0.967700;0.950500
standard_kd,pgd,0.1,0.9263333333333333,0.013548554658462036,3,0.930100;0.937600;0.911300
standard_kd,pgd,0.2,0.9087999999999999,0.018836400930114013,3,0.916700;0.922400;0.887300
standard_kd,pgd,0.6,0.5452333333333333,0.13245340061068017,3,0.611800;0.631200;0.392700
